SOAL 4.1 

1. menampilkan data table menggunakan join table
MariaDB [dbpos_sib6]> select pesanan.id, pesanan.tanggal, pesanan.total, pelanggan.kode, pelanggan.nama,
    -> kartu.nama as nama_kartu, kartu.diskon
    -> from pesanan inner join pelanggan on pesanan.pelanggan_id = pelanggan.id
    -> inner join kartu on pelanggan.kartu_id = kartu.id;
+----+------------+---------+------+--------------------+---------------+--------+
| id | tanggal    | total   | kode | nama               | nama_kartu    | diskon |
+----+------------+---------+------+--------------------+---------------+--------+
|  1 | 2015-11-04 | 9720000 | C001 | Agung Sedayu Group | Gold Utama    |   0.05 |
|  2 | 2015-11-04 |   17500 | C003 | Sekar Mirah        | Gold Utama    |   0.05 |
|  3 | 2015-11-04 |       0 | C006 | Gayatri Dwi        | Gold Utama    |   0.05 |
|  4 | 2015-11-04 |       0 | C007 | Dewi Gyat          | Gold Utama    |   0.05 |
|  5 | 2015-11-04 |       0 | C010 | Cassanndra         | Gold Utama    |   0.05 |
|  6 | 2015-11-04 |       0 | C002 | Pandan Wangi       | Platinum Jaya |    0.1 |
|  7 | 2015-11-04 |       0 | C005 | Pradabashu         | Platinum Jaya |    0.1 |
|  8 | 2015-11-04 |       0 | C004 | Swandaru Geni      | Non Member    |      0 |
|  9 | 2015-11-04 |       0 | C008 | Andre Haru         | Non Member    |      0 |
| 10 | 2015-11-04 |       0 | C009 | Ahmad Hasan        | Non Member    |      0 |
| 11 | 2015-11-04 |   30000 | C009 | Ahmad Hasan        | Non Member    |      0 |
+----+------------+---------+------+--------------------+---------------+--------+
11 rows in set (0.037 sec)

2. 

MariaDB [dbpos_sib6]> select pembelian.id, pembelian.tanggal, pembelian.nomor, pembelian. jumlah, pembelian.harga,
    -> produk.nama,
    -> vendor.nama, vendor.kontak from pembelian inner join produk
    -> on pembelian.produk_id = produk.id
    -> inner join vendor on pembelian.vendor_id = vendor.id;
+----+------------+-------+--------+---------+-------------------+----------------------+-----------------+
| id | tanggal    | nomor | jumlah | harga   | nama              | nama                 | kontak          |
+----+------------+-------+--------+---------+-------------------+----------------------+-----------------+
|  1 | 2019-10-10 | P001  |      2 | 3500000 | Televisi 21 inchs | PT Guna Samudra      | Ali Nurdin      |
|  2 | 2019-11-20 | P002  |      5 | 5500000 | Televisi 40 inch  | PT Pondok C9         | Putri Ramadhani |
|  3 | 2019-12-12 | P003  |      5 | 5400000 | Televisi 40 inch  | PT Guna Samudra      | Ali Nurdin      |
|  4 | 2020-01-20 | P004  |    200 |    1800 | Teh Botol         | CV Jaya Raya Semesta | Dwi Rahayu      |
|  5 | 2020-01-20 | P005  |    100 |    2300 | Teh Kotak         | CV Jaya Raya Semesta | Dwi Rahayu      |
+----+------------+-------+--------+---------+-------------------+----------------------+-----------------+
5 rows in set (0.023 sec)

3.

MariaDB [dbpos_sib6]> select
    -> pesanan.id as id,
    -> pesanan.tanggal as tanggal,
    -> pesanan.total as total,
    -> pelanggan.nama as nama_pelanggan,
    -> produk.kode as kode,
    -> produk.nama as nama_produk,
    -> jenis_produk.nama as nama_jenis_produk,
    -> pesanan_items.qty as quantity,
    -> pesanan_items.harga as harga_jual
    -> from
    -> pesanan
    -> inner join pelanggan on pesanan.pelanggan_id = pelanggan.id
    -> inner join pesanan_items on pesanan.id = pesanan_items.pesanan_id
    -> inner join produk on pesanan_items.produk_id = produk.id
    -> inner join jenis_produk on produk.jenis_produk_id = jenis_produk.id;
+----+------------+---------+--------------------+------+-------------------+-------------------+----------+------------+
| id | tanggal    | total   | nama_pelanggan     | kode | nama_produk       | nama_jenis_produk | quantity | harga_jual |
+----+------------+---------+--------------------+------+-------------------+-------------------+----------+------------+
|  1 | 2015-11-04 | 9720000 | Agung Sedayu Group | TV01 | Televisi 21 inchs | elektroniks       |        1 |    5040000 |
|  1 | 2015-11-04 | 9720000 | Agung Sedayu Group | K001 | Kulkas 2 pintu    | elektroniks       |        1 |    4680000 |
|  2 | 2015-11-04 |   17500 | Sekar Mirah        | TK01 | Teh Kotak         | minuman           |        5 |       3500 |
|  3 | 2015-11-04 |       0 | Gayatri Dwi        | TK01 | Teh Kotak         | minuman           |       10 |       3500 |
|  3 | 2015-11-04 |       0 | Gayatri Dwi        | TV01 | Televisi 21 inchs | elektroniks       |        1 |    5040000 |
|  5 | 2015-11-04 |       0 | Cassanndra         | TK01 | Teh Kotak         | minuman           |       10 |       3500 |
|  6 | 2015-11-04 |       0 | Pandan Wangi       | TK01 | Teh Kotak         | minuman           |       20 |       3500 |
+----+------------+---------+--------------------+------+-------------------+-------------------+----------+------------+
7 rows in set (0.012 sec)

QUERY dari soal 4.2 berada di WORD (WORKSHEET4_Daffa Cesario safii.word)

SOAL 4.3
1.
- mulai transaction
MariaDB [dbpos_sib6]> START TRANSACTION;
Query OK, 0 rows affected (0.000 sec)

-insert data produk sebanyak 3 record
MariaDB [dbpos_sib6]> insert into produk
    -> (id, kode, nama, harga_beli, harga_jual, stok, min_stok, foto, deskripsi, jenis_produk_id)
    -> values
    -> (29, 'HP01', 'Smartphone1', 2000000, 2500000, 5, 2, '', '', 10),
    -> (30, 'HP02', 'Smartphone2', 3500000, 4000000, 10, 3, '', '', 10),
    -> (31, 'HP03', 'Smartphone3', 10000000, 1500000, 5, 1, '', '', 10);
Query OK, 3 rows affected (0.021 sec)
Records: 3  Duplicates: 0  Warnings: 0


MariaDB [dbpos_sib6]> select * from produk
    -> ;
+----+--------+-------------------+------------+------------+------+----------+------------------------+---------------------------------------------------------------------------------------------------------------------------------------------------------------------------------------------------------------------+-----------------+
| id | kode   | nama              | harga_beli | harga_jual | stok | min_stok | foto                   | deskripsi

                                                   | jenis_produk_id |
+----+--------+-------------------+------------+------------+------+----------+------------------------+---------------------------------------------------------------------------------------------------------------------------------------------------------------------------------------------------------------------+-----------------+
|  1 | TV01   | Televisi 21 inchs |    3500000 |   50500000 |    5 |        2 |                        | NULL

                                                   |               1 |
|  2 | TV02   | Televisi 40 inch  |    5500000 |    7440000 |    4 |        2 | NULL                   | NULL

                                                   |               1 |
|  3 | K001   | Kulkas 2 pintu    |    3500000 |    4680000 |    6 |        2 |                        | NULL

                                                   |               1 |
|  4 | M001   | Meja Makan        |     500000 |     600000 |    4 |        3 | NULL                   | NULL

                                                   |               2 |
|  5 | TK01   | Teh Kotak         |       3000 |       3500 |    6 |       10 | foto-5.png             | NULL

                                                   |               4 |
|  6 | PC01   | PC Desktop HP     |    7000000 |    9984000 |    9 |        2 | NULL                   | NULL

                                                   |               5 |
|  7 | TB01   | Teh Botol         |       2000 |       2500 |   53 |       10 | foto-7.jpg             | NULL

                                                   |               4 |
|  8 | AC01   | Notebook Acer S   |    8000000 |   11232000 |    7 |        2 | NULL                   | NULL

                                                   |               5 |
|  9 | LN01   | Notebook Lenovo   |    9000000 |   12480000 |    9 |        2 | NULL                   | NULL

                                                   |               5 |
| 11 | L005   | Laptop Lenovo     |   13000000 |   16000000 |    5 |        2 |                        | NULL

                                                   |               1 |
| 15 | L112   | Kopi              |      20000 |      30000 |   10 |       15 | foto-15.png            | Luwak White Coffee merupakan bubuk biji kopi luwak yang dikombinasikan dengan gurihnya krimer serta manisnya gula. Keharuman kopi serta rasa manisnya yang pas juga membuat popularitas Luwak White Coffee melejit. |               4 |
| 16 | L113   | Teh Sosro 2       |      10000 |      15000 |   10 |       12 | .png                   | NULL

                                                   |               1 |
| 18 | L0015  | Laptop Asus       |    3000000 |    5000000 |   10 |       20 | foto-65542ffa66604.jpg | NULL

                                                   |               1 |
| 19 | TV0115 | Televisi 22 inc`  |    3500000 |   50500000 |    5 |        2 | NULL                   | NULL

                                                   |               1 |
| 20 | TV0116 | Televisi 23 inc   |    3500000 |   50500000 |    5 |        2 | NULL                   | NULL

                                                   |               1 |
| 21 | TV0117 | Televisi 24 inc   |    3500000 |   50500000 |    5 |        2 | NULL                   | NULL

                                                   |               1 |
| 22 | TV0118 | Televisi 25 inc   |    3500000 |   50500000 |    5 |        2 | NULL                   | NULL
                                                                                                                                                                                        |               1 |
| 24 | TV0120 | Televisi 27 inc   |    3500000 |   50500000 |    5 |        2 | NULL                   | NULL

                                                   |               1 |
| 25 | TV0121 | Televisi 28 inc   |    3500000 |   50500000 |    5 |        2 | NULL                   | NULL

                                                   |               1 |
| 26 | TV0122 | Televisi 29 inc   |    3500000 |   50500000 |    5 |        2 | NULL                   | NULL

                                                   |               1 |
| 27 | THP001 | Teh Pucuk         |       4000 |       5000 |   10 |        2 | pucuk.jpg              | Teh pucuk adalah

                                                   |               4 |
| 28 | THP002 | Teh Pucuk2        |       4000 |       5000 |   10 |        2 | pucuk.jpg              | Teh pucuk adalah

                                                   |               4 |
| 29 | HP01   | Smartphone1       |    2000000 |    2500000 |    5 |        2 |                        |

                                                   |              10 |
| 30 | HP02   | Smartphone2       |    3500000 |    4000000 |   10 |        3 |                        |

                                                   |              10 |
| 31 | HP03   | Smartphone3       |   10000000 |    1500000 |    5 |        1 |                        |

                                                   |              10 |
+----+--------+-------------------+------------+------------+------+----------+------------------------+---------------------------------------------------------------------------------------------------------------------------------------------------------------------------------------------------------------------+-----------------+
25 rows in set (0.001 sec)


-update data stok salah satu produk
MariaDB [dbpos_sib6]> update produk set nama = 'Samsung Galaxy S24 Ultra' where id = 29;
Query OK, 1 row affected (0.008 sec)
Rows matched: 1  Changed: 1  Warnings: 0

MariaDB [dbpos_sib6]> select * from produk;
+----+--------+--------------------------+------------+------------+------+----------+------------------------+---------------------------------------------------------------------------------------------------------------------------------------------------------------------------------------------------------------------+-----------------+
| id | kode   | nama                     | harga_beli | harga_jual | stok | min_stok | foto                   | deskripsi

                                                          | jenis_produk_id |
+----+--------+--------------------------+------------+------------+------+----------+------------------------+---------------------------------------------------------------------------------------------------------------------------------------------------------------------------------------------------------------------+-----------------+
|  1 | TV01   | Televisi 21 inchs        |    3500000 |   50500000 |    5 |        2 |                        | NULL

                                                          |               1 |
|  2 | TV02   | Televisi 40 inch         |    5500000 |    7440000 |    4 |        2 | NULL                   | NULL

                                                          |               1 |
|  3 | K001   | Kulkas 2 pintu           |    3500000 |    4680000 |    6 |        2 |                        | NULL

                                                          |               1 |
|  4 | M001   | Meja Makan               |     500000 |     600000 |    4 |        3 | NULL                   | NULL

                                                          |               2 |
|  5 | TK01   | Teh Kotak                |       3000 |       3500 |    6 |       10 | foto-5.png             | NULL

                                                          |               4 |
|  6 | PC01   | PC Desktop HP            |    7000000 |    9984000 |    9 |        2 | NULL                   | NULL

                                                          |               5 |
|  7 | TB01   | Teh Botol                |       2000 |       2500 |   53 |       10 | foto-7.jpg             | NULL

                                                          |               4 |
|  8 | AC01   | Notebook Acer S          |    8000000 |   11232000 |    7 |        2 | NULL                   | NULL

                                                          |               5 |
|  9 | LN01   | Notebook Lenovo          |    9000000 |   12480000 |    9 |        2 | NULL                   | NULL

                                                          |               5 |
| 11 | L005   | Laptop Lenovo            |   13000000 |   16000000 |    5 |        2 |                        | NULL

                                                          |               1 |
| 15 | L112   | Kopi                     |      20000 |      30000 |   10 |       15 | foto-15.png            | Luwak White Coffee merupakan bubuk biji kopi luwak yang dikombinasikan dengan gurihnya krimer serta manisnya gula. Keharuman kopi serta rasa manisnya yang pas juga membuat popularitas Luwak White Coffee melejit. |               4 |
| 16 | L113   | Teh Sosro 2              |      10000 |      15000 |   10 |       12 | .png                   | NULL

                                                          |               1 |
| 18 | L0015  | Laptop Asus              |    3000000 |    5000000 |   10 |       20 | foto-65542ffa66604.jpg | NULL

                                                          |               1 |
| 19 | TV0115 | Televisi 22 inc`         |    3500000 |   50500000 |    5 |        2 | NULL                   | NULL

                                                          |               1 |
| 20 | TV0116 | Televisi 23 inc          |    3500000 |   50500000 |    5 |        2 | NULL                   | NULL

                                                          |               1 |
| 21 | TV0117 | Televisi 24 inc          |    3500000 |   50500000 |    5 |        2 | NULL                   | NULL

                                                          |               1 |
| 22 | TV0118 | Televisi 25 inc          |    3500000 |   50500000 |    5 |        2 | NULL                   | NULL

                                                          |               1 |
| 24 | TV0120 | Televisi 27 inc          |    3500000 |   50500000 |    5 |        2 | NULL                   | NULL

                                                          |               1 |
| 25 | TV0121 | Televisi 28 inc          |    3500000 |   50500000 |    5 |        2 | NULL                   | NULL

                                                          |               1 |
| 26 | TV0122 | Televisi 29 inc          |    3500000 |   50500000 |    5 |        2 | NULL                   | NULL

                                                          |               1 |
| 27 | THP001 | Teh Pucuk                |       4000 |       5000 |   10 |        2 | pucuk.jpg              | Teh pucuk adalah

                                                          |               4 |
| 28 | THP002 | Teh Pucuk2               |       4000 |       5000 |   10 |        2 | pucuk.jpg              | Teh pucuk adalah
                                                                                                                                                                                               |               4 |
| 29 | HP01   | Samsung Galaxy S24 Ultra |    2000000 |    2500000 |    5 |        2 |                        |

                                                          |              10 |
| 30 | HP02   | Smartphone2              |    3500000 |    4000000 |   10 |        3 |                        |

                                                          |              10 |
| 31 | HP03   | Smartphone3              |   10000000 |    1500000 |    5 |        1 |                        |

                                                          |              10 |
+----+--------+--------------------------+------------+------------+------+----------+------------------------+---------------------------------------------------------------------------------------------------------------------------------------------------------------------------------------------------------------------+-----------------+
25 rows in set (0.001 sec)

-buat savepoint
MariaDB [dbpos_sib6]> savepoint update_produk;
Query OK, 0 rows affected (0.001 sec)

-hapus salah satu data pembayaran

MariaDB [dbpos_sib6]> delete from pembayaran where id = 4;
Query OK, 1 row affected (0.003 sec)

MariaDB [dbpos_sib6]> select * from pembayaran;
+----+------------+------------+--------+------+------------+-------------------+
| id | nokuitansi | tanggal    | jumlah | ke   | pesanan_id | status_pembayaran |
+----+------------+------------+--------+------+------------+-------------------+
|  1 | MD001      | 0000-00-00 |  30000 |    1 |         11 | Lunas             |
|  2 | MD002      | 2023-10-10 |  30000 |    2 |         11 | Lunas             |
|  3 | MD003      | 2023-10-10 |  30000 |    1 |         11 | Lunas             |
|  5 | MD005      | 2023-10-10 |  18000 |    2 |          2 | Lunas             |
+----+------------+------------+--------+------+------------+-------------------+
4 rows in set (0.001 sec)

-kembali ke savepoint

MariaDB [dbpos_sib6]> rollback to update_pembayaran;
Query OK, 0 rows affected (0.002 sec)

MariaDB [dbpos_sib6]> select * from pembayaran;
+----+------------+------------+--------+------+------------+-------------------+
| id | nokuitansi | tanggal    | jumlah | ke   | pesanan_id | status_pembayaran |
+----+------------+------------+--------+------+------------+-------------------+
|  1 | MD001      | 0000-00-00 |  30000 |    1 |         11 | Lunas             |
|  2 | MD002      | 2023-10-10 |  30000 |    2 |         11 | Lunas             |
|  3 | MD003      | 2023-10-10 |  30000 |    1 |         11 | Lunas             |
|  4 | MD004      | 2023-10-10 |  15000 |    1 |          2 |                   |
|  5 | MD005      | 2023-10-10 |  18000 |    2 |          2 | Lunas             |
+----+------------+------------+--------+------+------------+-------------------+
5 rows in set (0.001 sec)

-update data iuran salah satu kartu

MariaDB [dbpos_sib6]> update kartu set iuran = 200000 where id = 1;
Query OK, 1 row affected (0.001 sec)
Rows matched: 1  Changed: 1  Warnings: 0

MariaDB [dbpos_sib6]> select * from kartu;
+----+------+---------------+--------+--------+
| id | kode | nama          | diskon | iuran  |
+----+------+---------------+--------+--------+
|  1 | GOLD | Gold Digger   |   0.05 | 200000 |
|  2 | PLAT | Platinum Jaya |    0.1 | 150000 |
|  3 | SLV  | Silver        |  0.025 |  50000 |
|  4 | NO   | Non Member    |      0 |      0 |
|  7 | PGU  | Perunggu      |    0.5 |   2000 |
+----+------+---------------+--------+--------+
5 rows in set (0.004 sec)

- akhiri data dengan commit
MariaDB [dbpos_sib6]> commit;
Query OK, 0 rows affected (0.005 sec)
